{
    "owner": {
        "name": "ARTUR MOTO PECAS E ASSESSORIOS LTDA",
        "national_document": "49.488.758\/0001-00"
    },
    "products": [
        {
            "old_id": 1,
            "name": "Exemplo",
            "product_type": "00",
            "measure_unit": "UNID",
            "conversion_factor": 1,
            "commission": 0,
            "ippt": "T",
            "obs": null,
            "has_serial_numbers": false,
            "active": true,
            "details": [
                {
                    "old_id": 1,
                    "description": null,
                    "current_quantity": 10,
                    "minimum_quantity": 0,
                    "reserved_quantity": 0,
                    "price": 10,
                    "wholesale_price": 0,
                    "wholesale_quantity": 0,
                    "cost_price": 0,
                    "average_cost": 0,
                    "profit_margin": 0,
                    "net_weight": "0.0000",
                    "gross_weight": "0.0000",
                    "origin": 0,
                    "ncm_code": 32089000,
                    "ex_ncm_code": null,
                    "cest_code": null,
                    "classification_code": null,
                    "cest_ind_escala": null,
                    "fci_code": null,
                    "manufacturer_cnpj": null,
                    "reference": null,
                    "barcodes": [
                        {
                            "multiplier": 1,
                            "default": true,
                            "barcode": "101010"
                        }
                    ],
                    "serial_numbers": []
                }
            ],
            "categories": []
        }
    ]
}